genes,t_stats,p_values,fdr_corrected_p
TMEM199,4.079905256323114,6.135203745549005e-05,0.04938839015166949
CITED4,-4.115259088543442,5.319568046185723e-05,0.04938839015166949
